{
  "Profiles": [
    {
      "Use Non-ASCII Font" : true,
      "Tags" : [
        "Dynamic"
      ],
      "Ansi 12 Color" : {
        "Red Component" : 0.33133843541145325,
        "Color Space" : "Calibrated",
        "Blue Component" : 0.75472033023834229,
        "Alpha Component" : 1,
        "Green Component" : 0.52402210235595703
      },
      "Ansi 6 Color" : {
        "Red Component" : 0.3120269775390625,
        "Color Space" : "Calibrated",
        "Blue Component" : 0.64188027381896973,
        "Alpha Component" : 1,
        "Green Component" : 0.64762973785400391
      },
      "Draw Powerline Glyphs" : true,
      "Bold Color" : {
        "Red Component" : 0.70114254951477051,
        "Color Space" : "Calibrated",
        "Blue Component" : 0.76466912031173706,
        "Alpha Component" : 1,
        "Green Component" : 0.72239696979522705
      },
      "Normal Font" : "OperatorMono-Book 15",
      "Link Color" : {
        "Red Component" : 0.023000000044703484,
        "Color Space" : "Calibrated",
        "Blue Component" : 0.67799997329711914,
        "Alpha Component" : 1,
        "Green Component" : 0.27000001072883606
      },
      "Guid" : "69159B2A-1095-4F4C-BC84-BEA5CE416DCF",
      "Rows" : 25,
      "Default Bookmark" : "No",
      "Ansi 1 Color" : {
        "Red Component" : 0.89593487977981567,
        "Color Space" : "Calibrated",
        "Blue Component" : 0.33114415407180786,
        "Alpha Component" : 1,
        "Green Component" : 0.27702754735946655
      },
      "Cursor Guide Color" : {
        "Red Component" : 0.64999997615814209,
        "Color Space" : "Calibrated",
        "Blue Component" : 1,
        "Alpha Component" : 0.25,
        "Green Component" : 0.9100000262260437
      },
      "Non-ASCII Anti Aliased" : true,
      "Use Bright Bold" : true,
      "Ansi 10 Color" : {
        "Red Component" : 0.53603297472000122,
        "Color Space" : "Calibrated",
        "Blue Component" : 0.50905120372772217,
        "Alpha Component" : 1,
        "Green Component" : 0.74280524253845215
      },
      "Ambiguous Double Width" : false,
      "Jobs to Ignore" : [
        "rlogin",
        "ssh",
        "slogin",
        "telnet"
      ],
      "Ansi 15 Color" : {
        "Red Component" : 1,
        "Color Space" : "Calibrated",
        "Blue Component" : 0.99999129772186279,
        "Alpha Component" : 1,
        "Green Component" : 0.99997437000274658
      },
      "Foreground Color" : {
        "Red Component" : 0.70114254951477051,
        "Color Space" : "Calibrated",
        "Blue Component" : 0.76466912031173706,
        "Alpha Component" : 1,
        "Green Component" : 0.72239696979522705
      },
      "Working Directory" : "\/Users\/gabo",
      "Blinking Cursor" : false,
      "Disable Window Resizing" : true,
      "Sync Title" : false,
      "Prompt Before Closing 2" : false,
      "BM Growl" : true,
      "Command" : "",
      "Description" : "Default",
      "Dynamic Profile Filename" : "\/Users\/gabo\/Library\/Application Support\/iTerm2\/DynamicProfiles\/Default.json",
      "Mouse Reporting" : true,
      "Screen" : -1,
      "Selection Color" : {
        "Red Component" : 0.24374458193778992,
        "Color Space" : "Calibrated",
        "Blue Component" : 0.32565724849700928,
        "Alpha Component" : 1,
        "Green Component" : 0.28464928269386292
      },
      "Columns" : 80,
      "Idle Code" : 0,
      "Ansi 13 Color" : {
        "Red Component" : 0.71825045347213745,
        "Color Space" : "Calibrated",
        "Blue Component" : 0.72311609983444214,
        "Alpha Component" : 1,
        "Green Component" : 0.49488019943237305
      },
      "Custom Command" : "No",
      "ASCII Anti Aliased" : true,
      "Non Ascii Font" : "3270MediumNerdFontCompleteM-Medium 15",
      "Vertical Spacing" : 1,
      "Use Bold Font" : true,
      "Option Key Sends" : 0,
      "Selected Text Color" : {
        "Red Component" : 0.70114254951477051,
        "Color Space" : "Calibrated",
        "Blue Component" : 0.76466912031173706,
        "Alpha Component" : 1,
        "Green Component" : 0.72239696979522705
      },
      "Background Color" : {
        "Red Component" : 0.082745037972927094,
        "Color Space" : "Calibrated",
        "Blue Component" : 0.15351898968219757,
        "Alpha Component" : 1,
        "Green Component" : 0.12613683938980103
      },
      "Character Encoding" : 4,
      "Ansi 11 Color" : {
        "Red Component" : 0.97044718265533447,
        "Color Space" : "Calibrated",
        "Blue Component" : 0.31759658455848694,
        "Alpha Component" : 1,
        "Green Component" : 0.74274349212646484
      },
      "Use Italic Font" : true,
      "Unlimited Scrollback" : false,
      "Keyboard Map" : {
        "0xf700-0x260000" : {
          "Action" : 10,
          "Text" : "[1;6A"
        },
        "0x37-0x40000" : {
          "Action" : 11,
          "Text" : "0x1f"
        },
        "0x32-0x40000" : {
          "Action" : 11,
          "Text" : "0x00"
        },
        "0xf709-0x20000" : {
          "Action" : 10,
          "Text" : "[17;2~"
        },
        "0xf70c-0x20000" : {
          "Action" : 10,
          "Text" : "[20;2~"
        },
        "0xf729-0x20000" : {
          "Action" : 10,
          "Text" : "[1;2H"
        },
        "0xf72b-0x40000" : {
          "Action" : 10,
          "Text" : "[1;5F"
        },
        "0xf705-0x20000" : {
          "Action" : 10,
          "Text" : "[1;2Q"
        },
        "0xf703-0x260000" : {
          "Action" : 10,
          "Text" : "[1;6C"
        },
        "0xf700-0x220000" : {
          "Action" : 10,
          "Text" : "[1;2A"
        },
        "0xf701-0x280000" : {
          "Action" : 11,
          "Text" : "0x1b 0x1b 0x5b 0x42"
        },
        "0x38-0x40000" : {
          "Action" : 11,
          "Text" : "0x7f"
        },
        "0x33-0x40000" : {
          "Action" : 11,
          "Text" : "0x1b"
        },
        "0xf703-0x220000" : {
          "Action" : 10,
          "Text" : "[1;2C"
        },
        "0xf701-0x240000" : {
          "Action" : 10,
          "Text" : "[1;5B"
        },
        "0xf70d-0x20000" : {
          "Action" : 10,
          "Text" : "[21;2~"
        },
        "0xf702-0x260000" : {
          "Action" : 10,
          "Text" : "[1;6D"
        },
        "0xf729-0x40000" : {
          "Action" : 10,
          "Text" : "[1;5H"
        },
        "0xf706-0x20000" : {
          "Action" : 10,
          "Text" : "[1;2R"
        },
        "0x34-0x40000" : {
          "Action" : 11,
          "Text" : "0x1c"
        },
        "0xf700-0x280000" : {
          "Action" : 11,
          "Text" : "0x1b 0x1b 0x5b 0x41"
        },
        "0x2d-0x40000" : {
          "Action" : 11,
          "Text" : "0x1f"
        },
        "0xf70e-0x20000" : {
          "Action" : 10,
          "Text" : "[23;2~"
        },
        "0xf702-0x220000" : {
          "Action" : 10,
          "Text" : "[1;2D"
        },
        "0xf703-0x280000" : {
          "Action" : 11,
          "Text" : "0x1b 0x1b 0x5b 0x43"
        },
        "0xf700-0x240000" : {
          "Action" : 10,
          "Text" : "[1;5A"
        },
        "0xf707-0x20000" : {
          "Action" : 10,
          "Text" : "[1;2S"
        },
        "0xf70a-0x20000" : {
          "Action" : 10,
          "Text" : "[18;2~"
        },
        "0x35-0x40000" : {
          "Action" : 11,
          "Text" : "0x1d"
        },
        "0xf70f-0x20000" : {
          "Action" : 10,
          "Text" : "[24;2~"
        },
        "0xf703-0x240000" : {
          "Action" : 10,
          "Text" : "[1;5C"
        },
        "0xf701-0x260000" : {
          "Action" : 10,
          "Text" : "[1;6B"
        },
        "0xf702-0x280000" : {
          "Action" : 11,
          "Text" : "0x1b 0x1b 0x5b 0x44"
        },
        "0xf72b-0x20000" : {
          "Action" : 10,
          "Text" : "[1;2F"
        },